-- Insertion of person
INSERT INTO person (first_name, last_name, birth_date, country, email, password, username, role, active)
VALUES ('Ahmedin', 'Hasanovic', '2000-02-22', 'Bosna I Hercegovina', 'ahmedinhasanovic2000@gmail.com', '$2a$12$1qbXh50N3q78lZpa4gQ0OOAy37h0F6LuwjVuV/zIp2ejN1YpfYvUe','username1', 'ROLE_USER', true);

-- Insertion of categories
INSERT INTO category (name) VALUES
                                ('Women'),
                                ('Men'),
                                ('Kids'),
                                ('Accessories'),
                                ('Home'),
                                ('Art'),
                                ('Computers');

-- Insertion of subcategories
INSERT INTO sub_category (name, category_id) VALUES
                                                 ('Accessories', (SELECT id FROM category c WHERE c.name='Women')),
                                                 ('Bags', (SELECT id FROM category c WHERE c.name='Women')),
                                                 ('Shoes', (SELECT id FROM category c WHERE c.name='Women')),
                                                 ('Accessories', (SELECT id FROM category c WHERE c.name='Men')),
                                                 ('Shoes', (SELECT id FROM category c WHERE c.name='Men')),
                                                 ('Clothes', (SELECT id FROM category c WHERE c.name='Men')),
                                                 ('Toys', (SELECT id FROM category c WHERE c.name='Kids')),
                                                 ('Clothes', (SELECT id FROM category c WHERE c.name='Kids')),
                                                 ('Watches', (SELECT id FROM category c WHERE c.name='Accessories')),
                                                 ('Jewelry', (SELECT id FROM category c WHERE c.name='Accessories')),
                                                 ('Bed & Bath', (SELECT id FROM category c WHERE c.name='Home')),
                                                 ('Kitchenware', (SELECT id FROM category c WHERE c.name='Home')),
                                                 ('Paintings', (SELECT id FROM category c WHERE c.name='Art')),
                                                 ('Sculptures', (SELECT id FROM category c WHERE c.name='Art')),
                                                 ('Laptops', (SELECT id FROM category c WHERE c.name='Computers')),
                                                 ('Peripherals', (SELECT id FROM category c WHERE c.name='Computers'));

-- Insertion of products
SELECT * from product;
INSERT INTO product (name, description, start_price, created_at, auction_start, auction_end, size, color, subcategory_id, user_id) VALUES
                                                                                                                                       ('Black shoes with legs','Note:\nThe Jackets is US standard size, Please choose size as your usual wear\nMaterial: 100% Polyester\nDetachable Liner Fabric: Warm Fleece. Detachable\nFunctional Liner: Skin Friendly, Lightweigt and Warm.\nStand Collar Liner jacket, keep you warm in cold weather.\nZippered Pockets: 2 Zippered Hand Pockets, 2 Zippered Pockets on Chest enough to keep cards or keys) and 1 Hidden Pocket Inside.\nZippered Hand Pockets and Hidden Pocket keep your things secure.\nHumanized Design: Adjustable and Detachable Hood and Adjustable cuff to prevent the wind and water,for a comfortable fit.\n3 in 1 Detachable Design provide more convenience, you can separate the coat and inner as needed, or wear it together. It is suitable for different season and help you adapt to different climates',50,'2024-01-01T01:00:00.000','2024-07-01T01:00:00.000','2024-07-15T01:00:00.000', 'LARGE', 'BLACK', (SELECT sc.id FROM sub_category sc WHERE sc.name='Shoes' AND sc.category_id = (SELECT id FROM category c WHERE c.name='Women')), ((SELECT p.id FROM person p WHERE p.username='username1'))),
                                                                                                                                       ('Brown man shoes','Note:\nThe Jackets is US standard size, Please choose size as your usual wear\nMaterial: 100% Polyester\nDetachable Liner Fabric: Warm Fleece. Detachable\nFunctional Liner: Skin Friendly, Lightweigt and Warm.\nStand Collar Liner jacket, keep you warm in cold weather.\nZippered Pockets: 2 Zippered Hand Pockets, 2 Zippered Pockets on Chest enough to keep cards or keys) and 1 Hidden Pocket Inside.\nZippered Hand Pockets and Hidden Pocket keep your things secure.\nHumanized Design: Adjustable and Detachable Hood and Adjustable cuff to prevent the wind and water,for a comfortable fit.\n3 in 1 Detachable Design provide more convenience, you can separate the coat and inner as needed, or wear it together. It is suitable for different season and help you adapt to different climates',50,'2024-01-01T02:00:00.000','2024-07-01T01:00:00.000','2024-07-14T01:00:00.000', 'LARGE', 'BLACK', (SELECT sc.id FROM sub_category sc WHERE sc.name='Shoes' AND sc.category_id = (SELECT id FROM category c WHERE c.name='Men')), ((SELECT p.id FROM person p WHERE p.username='username1'))),
                                                                                                                                       ('White casual shoes','Note:\nThe Jackets is US standard size, Please choose size as your usual wear\nMaterial: 100% Polyester\nDetachable Liner Fabric: Warm Fleece. Detachable\nFunctional Liner: Skin Friendly, Lightweigt and Warm.\nStand Collar Liner jacket, keep you warm in cold weather.\nZippered Pockets: 2 Zippered Hand Pockets, 2 Zippered Pockets on Chest enough to keep cards or keys) and 1 Hidden Pocket Inside.\nZippered Hand Pockets and Hidden Pocket keep your things secure.\nHumanized Design: Adjustable and Detachable Hood and Adjustable cuff to prevent the wind and water,for a comfortable fit.\n3 in 1 Detachable Design provide more convenience, you can separate the coat and inner as needed, or wear it together. It is suitable for different season and help you adapt to different climates',50,'2024-01-01T03:00:00.000','2024-07-01T01:00:00.000','2024-07-13T01:00:00.000', 'LARGE', 'BLACK', (SELECT sc.id FROM sub_category sc WHERE sc.name='Shoes' AND sc.category_id = (SELECT id FROM category c WHERE c.name='Women')), ((SELECT p.id FROM person p WHERE p.username='username1'))),
                                                                                                                                       ('White sport shoes','Note:\nThe Jackets is US standard size, Please choose size as your usual wear\nMaterial: 100% Polyester\nDetachable Liner Fabric: Warm Fleece. Detachable\nFunctional Liner: Skin Friendly, Lightweigt and Warm.\nStand Collar Liner jacket, keep you warm in cold weather.\nZippered Pockets: 2 Zippered Hand Pockets, 2 Zippered Pockets on Chest enough to keep cards or keys) and 1 Hidden Pocket Inside.\nZippered Hand Pockets and Hidden Pocket keep your things secure.\nHumanized Design: Adjustable and Detachable Hood and Adjustable cuff to prevent the wind and water,for a comfortable fit.\n3 in 1 Detachable Design provide more convenience, you can separate the coat and inner as needed, or wear it together. It is suitable for different season and help you adapt to different climates',50,'2024-01-01T04:00:00.000','2024-07-01T01:00:00.000','2024-07-12T01:00:00.000', 'LARGE', 'BLACK', (SELECT sc.id FROM sub_category sc WHERE sc.name='Shoes' AND sc.category_id = (SELECT id FROM category c WHERE c.name='Women')), ((SELECT p.id FROM person p WHERE p.username='username1'))),
                                                                                                                                       ('Shoes for occasion','Note:\nThe Jackets is US standard size, Please choose size as your usual wear\nMaterial: 100% Polyester\nDetachable Liner Fabric: Warm Fleece. Detachable\nFunctional Liner: Skin Friendly, Lightweigt and Warm.\nStand Collar Liner jacket, keep you warm in cold weather.\nZippered Pockets: 2 Zippered Hand Pockets, 2 Zippered Pockets on Chest enough to keep cards or keys) and 1 Hidden Pocket Inside.\nZippered Hand Pockets and Hidden Pocket keep your things secure.\nHumanized Design: Adjustable and Detachable Hood and Adjustable cuff to prevent the wind and water,for a comfortable fit.\n3 in 1 Detachable Design provide more convenience, you can separate the coat and inner as needed, or wear it together. It is suitable for different season and help you adapt to different climates',50,'2024-01-01T05:00:00.000','2024-07-01T01:00:00.000','2024-07-11T01:00:00.000', 'LARGE', 'BLACK', (SELECT sc.id FROM sub_category sc WHERE sc.name='Shoes' AND sc.category_id = (SELECT id FROM category c WHERE c.name='Women')), ((SELECT p.id FROM person p WHERE p.username='username1'))),
                                                                                                                                       ('Shoes for occasion2','Note:\nThe Jackets is US standard size, Please choose size as your usual wear\nMaterial: 100% Polyester\nDetachable Liner Fabric: Warm Fleece. Detachable\nFunctional Liner: Skin Friendly, Lightweigt and Warm.\nStand Collar Liner jacket, keep you warm in cold weather.\nZippered Pockets: 2 Zippered Hand Pockets, 2 Zippered Pockets on Chest enough to keep cards or keys) and 1 Hidden Pocket Inside.\nZippered Hand Pockets and Hidden Pocket keep your things secure.\nHumanized Design: Adjustable and Detachable Hood and Adjustable cuff to prevent the wind and water,for a comfortable fit.\n3 in 1 Detachable Design provide more convenience, you can separate the coat and inner as needed, or wear it together. It is suitable for different season and help you adapt to different climates',50,'2024-01-01T06:00:00.000','2024-07-01T01:00:00.000','2024-07-15T10:00:00.000', 'LARGE', 'BLACK', (SELECT sc.id FROM sub_category sc WHERE sc.name='Shoes' AND sc.category_id = (SELECT id FROM category c WHERE c.name='Women')), ((SELECT p.id FROM person p WHERE p.username='username1'))),
                                                                                                                                       ('Shoes with box','Note:\nThe Jackets is US standard size, Please choose size as your usual wear\nMaterial: 100% Polyester\nDetachable Liner Fabric: Warm Fleece. Detachable\nFunctional Liner: Skin Friendly, Lightweigt and Warm.\nStand Collar Liner jacket, keep you warm in cold weather.\nZippered Pockets: 2 Zippered Hand Pockets, 2 Zippered Pockets on Chest enough to keep cards or keys) and 1 Hidden Pocket Inside.\nZippered Hand Pockets and Hidden Pocket keep your things secure.\nHumanized Design: Adjustable and Detachable Hood and Adjustable cuff to prevent the wind and water,for a comfortable fit.\n3 in 1 Detachable Design provide more convenience, you can separate the coat and inner as needed, or wear it together. It is suitable for different season and help you adapt to different climates',50,'2024-01-01T01:30:00.000','2024-07-01T01:00:00.000','2024-07-15T09:00:00.000', 'LARGE', 'BLACK', (SELECT sc.id FROM sub_category sc WHERE sc.name='Shoes' AND sc.category_id = (SELECT id FROM category c WHERE c.name='Men')), ((SELECT p.id FROM person p WHERE p.username='username1'))),
                                                                                                                                       ('Sandals','Note:\nThe Jackets is US standard size, Please choose size as your usual wear\nMaterial: 100% Polyester\nDetachable Liner Fabric: Warm Fleece. Detachable\nFunctional Liner: Skin Friendly, Lightweigt and Warm.\nStand Collar Liner jacket, keep you warm in cold weather.\nZippered Pockets: 2 Zippered Hand Pockets, 2 Zippered Pockets on Chest enough to keep cards or keys) and 1 Hidden Pocket Inside.\nZippered Hand Pockets and Hidden Pocket keep your things secure.\nHumanized Design: Adjustable and Detachable Hood and Adjustable cuff to prevent the wind and water,for a comfortable fit.\n3 in 1 Detachable Design provide more convenience, you can separate the coat and inner as needed, or wear it together. It is suitable for different season and help you adapt to different climates',50,'2024-01-01T01:50:00.000','2024-07-01T01:00:00.000','2024-07-15T08:00:00.000', 'LARGE', 'BLACK', (SELECT sc.id FROM sub_category sc WHERE sc.name='Shoes' AND sc.category_id = (SELECT id FROM category c WHERE c.name='Women')), ((SELECT p.id FROM person p WHERE p.username='username1'))),
                                                                                                                                       ('Second black shoes','Note:\nThe Jackets is US standard size, Please choose size as your usual wear\nMaterial: 100% Polyester\nDetachable Liner Fabric: Warm Fleece. Detachable\nFunctional Liner: Skin Friendly, Lightweigt and Warm.\nStand Collar Liner jacket, keep you warm in cold weather.\nZippered Pockets: 2 Zippered Hand Pockets, 2 Zippered Pockets on Chest enough to keep cards or keys) and 1 Hidden Pocket Inside.\nZippered Hand Pockets and Hidden Pocket keep your things secure.\nHumanized Design: Adjustable and Detachable Hood and Adjustable cuff to prevent the wind and water,for a comfortable fit.\n3 in 1 Detachable Design provide more convenience, you can separate the coat and inner as needed, or wear it together. It is suitable for different season and help you adapt to different climates',50,'2024-01-01T01:45:00.000','2024-07-01T01:00:00.000','2024-07-15T07:00:00.000', 'LARGE', 'BLACK', (SELECT sc.id FROM sub_category sc WHERE sc.name='Shoes' AND sc.category_id = (SELECT id FROM category c WHERE c.name='Women')), ((SELECT p.id FROM person p WHERE p.username='username1'))),
                                                                                                                                       ('Second brown man','Note:\nThe Jackets is US standard size, Please choose size as your usual wear\nMaterial: 100% Polyester\nDetachable Liner Fabric: Warm Fleece. Detachable\nFunctional Liner: Skin Friendly, Lightweigt and Warm.\nStand Collar Liner jacket, keep you warm in cold weather.\nZippered Pockets: 2 Zippered Hand Pockets, 2 Zippered Pockets on Chest enough to keep cards or keys) and 1 Hidden Pocket Inside.\nZippered Hand Pockets and Hidden Pocket keep your things secure.\nHumanized Design: Adjustable and Detachable Hood and Adjustable cuff to prevent the wind and water,for a comfortable fit.\n3 in 1 Detachable Design provide more convenience, you can separate the coat and inner as needed, or wear it together. It is suitable for different season and help you adapt to different climates',50,'2024-01-01T01:17:00.000','2024-07-01T01:00:00.000','2024-07-15T06:00:00.000', 'LARGE', 'BLACK', (SELECT sc.id FROM sub_category sc WHERE sc.name='Shoes' AND sc.category_id = (SELECT id FROM category c WHERE c.name='Men')), ((SELECT p.id FROM person p WHERE p.username='username1'))),
                                                                                                                                       ('Other white casual shoes','Note:\nThe Jackets is US standard size, Please choose size as your usual wear\nMaterial: 100% Polyester\nDetachable Liner Fabric: Warm Fleece. Detachable\nFunctional Liner: Skin Friendly, Lightweigt and Warm.\nStand Collar Liner jacket, keep you warm in cold weather.\nZippered Pockets: 2 Zippered Hand Pockets, 2 Zippered Pockets on Chest enough to keep cards or keys) and 1 Hidden Pocket Inside.\nZippered Hand Pockets and Hidden Pocket keep your things secure.\nHumanized Design: Adjustable and Detachable Hood and Adjustable cuff to prevent the wind and water,for a comfortable fit.\n3 in 1 Detachable Design provide more convenience, you can separate the coat and inner as needed, or wear it together. It is suitable for different season and help you adapt to different climates',50,'2024-01-02T01:00:00.000','2024-07-01T01:00:00.000','2024-07-15T05:00:00.000', 'LARGE', 'BLACK', (SELECT sc.id FROM sub_category sc WHERE sc.name='Shoes' AND sc.category_id = (SELECT id FROM category c WHERE c.name='Women')), ((SELECT p.id FROM person p WHERE p.username='username1'))),
                                                                                                                                       ('White sport shoes2','Note:\nThe Jackets is US standard size, Please choose size as your usual wear\nMaterial: 100% Polyester\nDetachable Liner Fabric: Warm Fleece. Detachable\nFunctional Liner: Skin Friendly, Lightweigt and Warm.\nStand Collar Liner jacket, keep you warm in cold weather.\nZippered Pockets: 2 Zippered Hand Pockets, 2 Zippered Pockets on Chest enough to keep cards or keys) and 1 Hidden Pocket Inside.\nZippered Hand Pockets and Hidden Pocket keep your things secure.\nHumanized Design: Adjustable and Detachable Hood and Adjustable cuff to prevent the wind and water,for a comfortable fit.\n3 in 1 Detachable Design provide more convenience, you can separate the coat and inner as needed, or wear it together. It is suitable for different season and help you adapt to different climates',50,'2024-01-03T01:00:00.000','2024-07-01T01:00:00.000','2024-07-15T06:30:00.000', 'LARGE', 'BLACK', (SELECT sc.id FROM sub_category sc WHERE sc.name='Shoes' AND sc.category_id = (SELECT id FROM category c WHERE c.name='Women')), ((SELECT p.id FROM person p WHERE p.username='username1'))),
                                                                                                                                       ('Shoes for occasion3','Note:\nThe Jackets is US standard size, Please choose size as your usual wear\nMaterial: 100% Polyester\nDetachable Liner Fabric: Warm Fleece. Detachable\nFunctional Liner: Skin Friendly, Lightweigt and Warm.\nStand Collar Liner jacket, keep you warm in cold weather.\nZippered Pockets: 2 Zippered Hand Pockets, 2 Zippered Pockets on Chest enough to keep cards or keys) and 1 Hidden Pocket Inside.\nZippered Hand Pockets and Hidden Pocket keep your things secure.\nHumanized Design: Adjustable and Detachable Hood and Adjustable cuff to prevent the wind and water,for a comfortable fit.\n3 in 1 Detachable Design provide more convenience, you can separate the coat and inner as needed, or wear it together. It is suitable for different season and help you adapt to different climates',50,'2024-01-06T01:00:00.000','2024-07-01T01:00:00.000','2024-07-15T03:45:00.000', 'LARGE', 'BLACK', (SELECT sc.id FROM sub_category sc WHERE sc.name='Shoes' AND sc.category_id = (SELECT id FROM category c WHERE c.name='Women')), ((SELECT p.id FROM person p WHERE p.username='username1'))),
                                                                                                                                       ('Shoes for occasion4','Note:\nThe Jackets is US standard size, Please choose size as your usual wear\nMaterial: 100% Polyester\nDetachable Liner Fabric: Warm Fleece. Detachable\nFunctional Liner: Skin Friendly, Lightweigt and Warm.\nStand Collar Liner jacket, keep you warm in cold weather.\nZippered Pockets: 2 Zippered Hand Pockets, 2 Zippered Pockets on Chest enough to keep cards or keys) and 1 Hidden Pocket Inside.\nZippered Hand Pockets and Hidden Pocket keep your things secure.\nHumanized Design: Adjustable and Detachable Hood and Adjustable cuff to prevent the wind and water,for a comfortable fit.\n3 in 1 Detachable Design provide more convenience, you can separate the coat and inner as needed, or wear it together. It is suitable for different season and help you adapt to different climates',50,'2024-01-04T01:00:00.000','2024-07-01T01:00:00.000','2024-07-15T02:57:00.000', 'LARGE', 'BLACK', (SELECT sc.id FROM sub_category sc WHERE sc.name='Shoes' AND sc.category_id = (SELECT id FROM category c WHERE c.name='Women')), ((SELECT p.id FROM person p WHERE p.username='username1'))),
                                                                                                                                       ('Shoes with box other','Note:\nThe Jackets is US standard size, Please choose size as your usual wear\nMaterial: 100% Polyester\nDetachable Liner Fabric: Warm Fleece. Detachable\nFunctional Liner: Skin Friendly, Lightweigt and Warm.\nStand Collar Liner jacket, keep you warm in cold weather.\nZippered Pockets: 2 Zippered Hand Pockets, 2 Zippered Pockets on Chest enough to keep cards or keys) and 1 Hidden Pocket Inside.\nZippered Hand Pockets and Hidden Pocket keep your things secure.\nHumanized Design: Adjustable and Detachable Hood and Adjustable cuff to prevent the wind and water,for a comfortable fit.\n3 in 1 Detachable Design provide more convenience, you can separate the coat and inner as needed, or wear it together. It is suitable for different season and help you adapt to different climates',50,'2024-01-07T01:00:00.000','2024-07-01T01:00:00.000','2024-07-15T05:23:00.000', 'LARGE', 'BLACK', (SELECT sc.id FROM sub_category sc WHERE sc.name='Shoes' AND sc.category_id = (SELECT id FROM category c WHERE c.name='Men')), ((SELECT p.id FROM person p WHERE p.username='username1'))),
                                                                                                                                       ('Sandals other','Note:\nThe Jackets is US standard size, Please choose size as your usual wear\nMaterial: 100% Polyester\nDetachable Liner Fabric: Warm Fleece. Detachable\nFunctional Liner: Skin Friendly, Lightweigt and Warm.\nStand Collar Liner jacket, keep you warm in cold weather.\nZippered Pockets: 2 Zippered Hand Pockets, 2 Zippered Pockets on Chest enough to keep cards or keys) and 1 Hidden Pocket Inside.\nZippered Hand Pockets and Hidden Pocket keep your things secure.\nHumanized Design: Adjustable and Detachable Hood and Adjustable cuff to prevent the wind and water,for a comfortable fit.\n3 in 1 Detachable Design provide more convenience, you can separate the coat and inner as needed, or wear it together. It is suitable for different season and help you adapt to different climates',50,'2024-01-11T01:00:00.000','2024-07-01T01:00:00.000','2024-07-15T08:22:00.000', 'LARGE', 'BLACK', (SELECT sc.id FROM sub_category sc WHERE sc.name='Shoes' AND sc.category_id = (SELECT id FROM category c WHERE c.name='Women')), ((SELECT p.id FROM person p WHERE p.username='username1'))),
                                                                                                                                       ('BIYLACLESEN Womens 3-in-1 Snowboard Jacket Winter Coats','Note:\nThe Jackets is US standard size, Please choose size as your usual wear\nMaterial: 100% Polyester\nDetachable Liner Fabric: Warm Fleece. Detachable\nFunctional Liner: Skin Friendly, Lightweigt and Warm.\nStand Collar Liner jacket, keep you warm in cold weather.\nZippered Pockets: 2 Zippered Hand Pockets, 2 Zippered Pockets on Chest enough to keep cards or keys) and 1 Hidden Pocket Inside.\nZippered Hand Pockets and Hidden Pocket keep your things secure.\nHumanized Design: Adjustable and Detachable Hood and Adjustable cuff to prevent the wind and water,for a comfortable fit.\n3 in 1 Detachable Design provide more convenience, you can separate the coat and inner as needed, or wear it together. It is suitable for different season and help you adapt to different climates',50,'2024-01-11T01:00:00.000','2024-07-01T01:00:00.000','2024-07-15T08:22:00.000', 'LARGE', 'BLACK', (SELECT sc.id FROM sub_category sc WHERE sc.name='Clothes' AND sc.category_id = (SELECT id FROM category c WHERE c.name='Men')), ((SELECT p.id FROM person p WHERE p.username='username1')));

-- Insertion of product pictures
INSERT INTO product_picture (name, url, product_id) VALUES
                                                        ('Black shoes with legs', 'https://s3-alpha-sig.figma.com/img/372d/fb3b/d1fb068a42f25f33e4d035b8cd46dc87?Expires=1713744000&Key-Pair-Id=APKAQ4GOSFWCVNEHN3O4&Signature=Gnx9kRYNPFvFpyEEDQ1hzWqXzEL84ZTQWRxwx8J~Fj2rqvaH5S4yGxTiMQaVTahJhOFiYchtgnG6mjuYv4AtyJNHrDTybHUOyQ-zt01dpv5kepSndFw6RkjYuwf4DTlFdoIFt7m4rXVnMyxWEoLcP6cNfvh1LXIrvBzNfYdNXUrmhEnH28Vq6~PjeHsi-1bEtPCtUCPaXHkWwtRajYcoEMeARjEVikTSMUzVjpvgO6ODpdkBl-VGYEfnzDsY4Zb91XaRbQlN7cqhl~lWVgFL93p~bSoXEHKplt8Amuk~o5ZZYzJ9iejEBAX05dlMPNyW47AzuN2Qarfu7DJ~t8dQ5w__', (SELECT p.id FROM product p WHERE p.name='Black shoes with legs')),
                                                        ('Brown man shoes', 'https://s3-alpha-sig.figma.com/img/e390/335e/ee1daacadb7b29866beceafd04f5c1ef?Expires=1713744000&Key-Pair-Id=APKAQ4GOSFWCVNEHN3O4&Signature=MtHdNuDiTnoxZykaShLcBeAbE~8yfNQRgs8m7gzlR2iFiGSkbWt4Yp56XilpQ3do-2XxxcEy~U1D1h~sDrpebksX0OObTAXLBf3P1IdO5XkJhK2~5AkjaBaDXBeH9Bm~ls7RqxH-aPwxN5V38xvHXfbMGrKHATPcnX-wy9AFGZ--eFxlDxPNTD2IjdcK4S8LZNIFYVA~FVCo1RiTkyJoAh8O7XbG-A0pn8xfuDcvbNU3QMfdOD1Bb1Id7QZXwlp3Xmdv-7S0OpPqLNMzU8u9fRI-esKz3gMJRgZYHDercRTsAGxYlIbXHVh98fvTNKzP4cERh-AINCii-exoP75XQA__', (SELECT p.id FROM product p WHERE p.name='Brown man shoes')),
                                                        ('White casual shoes', 'https://s3-alpha-sig.figma.com/img/da55/2f91/5355f66980c4f2cb9287a5d7fa33ea1f?Expires=1713744000&Key-Pair-Id=APKAQ4GOSFWCVNEHN3O4&Signature=bwafugHQukLHczJT7eldDCzByPqxCVSXXf12ql7EULqoRITiuAli68F7V2KkzcIjQcp9U38F2mN~KHwBBr9B~MA8O2NAKxEMDANJOzdS0EM586KtfvlMyT6eqUWBDjgD5JyYapeTD75sOb7dbq94RBnAOTA3yVrPeEV2W2rbQSP1d7Ij0layj76VcH5XevWCG0c5aWJz4Qc5tvxwqs-Sda8wLmpyzUEgj1uNKLwalolx1U4VP5SDKDIyAjnrX6Rn1LFK7Vbga~vDr0lwqnn7H3YTmDf2eIenYMRTio513zLUlDY3yETswiBV~ovO0Sc5lLgXf1S85KjIK27ylBqvfQ__', (SELECT p.id FROM product p WHERE p.name='White casual shoes')),
                                                        ('White sport shoes', 'https://s3-alpha-sig.figma.com/img/03f6/9682/0c7c5dcec2c556120281b996e91e9180?Expires=1713744000&Key-Pair-Id=APKAQ4GOSFWCVNEHN3O4&Signature=NFQc4jxPuhMIoLDSbLKtLu99Lz1vT7pHnSfIfm0B8c0xXcM29K06nnxzbJG58mjYhJX~hqNo-UrG~ugp2S9lCyQxxgK5qalKMkaWqdBOcJM0yTY1KgiOxNGA0TJ5Zba2HRuij6fkGwFv8fTehPsKWy8CHIEjQZbKn745C87T14Z4lzK-FSc8Z6e4gvWafIcy7CcmLnnlvBNA~xYelVM7Vl-H1wf7qSgGaaVGI2blDAqG3hP5ok1MA2vYVM2JTH1jQNi4Dfak~nhADTgSWEL91xEbt1gvMJYPYEXnp2v7DFuenYp27165BOIv73uE90H~v7-aKu3M1BcpmZtzQDXiaA__', (SELECT p.id FROM product p WHERE p.name='White sport shoes')),
                                                        ('Shoes for occasion', 'https://s3-alpha-sig.figma.com/img/5cb0/e618/c428c4fea76179648f8c2e3e41b721b4?Expires=1713744000&Key-Pair-Id=APKAQ4GOSFWCVNEHN3O4&Signature=CJUNWI8oTrSKu7eFnFJ50yhd9wm5bTNnjDknwGtHflNQadIvR5d02Ob4bk0r03g4a6-gpdPNkyQf4qO~69b4VOu4hi2-EsPlNX3n0a5MOIIhoDvUh7-yiXmw1ZiLvNzHvHJoepTfCNcgSZM2b0dOEXo~xOIuV~m-~AAwPHn72UUJGPSZI1ENc0BSsmD3uCZSK6~-Q6LY-s5npQdKpeP6IQ7a0eRSMUqH03-WqMbyTAby6-cUtezwdArITpZW1Kk5mHEw0KHcym4wckt0fjtcrgPX2NTmv1WXERyDToC~bXqfSU8tuGK6HNuwPF0RUTh8zTZzr-UH91BZT2wJS6Ps6A__', (SELECT p.id FROM product p WHERE p.name='Shoes for occasion')),
                                                        ('Shoes for occasion2', 'https://s3-alpha-sig.figma.com/img/5cb0/e618/c428c4fea76179648f8c2e3e41b721b4?Expires=1713744000&Key-Pair-Id=APKAQ4GOSFWCVNEHN3O4&Signature=CJUNWI8oTrSKu7eFnFJ50yhd9wm5bTNnjDknwGtHflNQadIvR5d02Ob4bk0r03g4a6-gpdPNkyQf4qO~69b4VOu4hi2-EsPlNX3n0a5MOIIhoDvUh7-yiXmw1ZiLvNzHvHJoepTfCNcgSZM2b0dOEXo~xOIuV~m-~AAwPHn72UUJGPSZI1ENc0BSsmD3uCZSK6~-Q6LY-s5npQdKpeP6IQ7a0eRSMUqH03-WqMbyTAby6-cUtezwdArITpZW1Kk5mHEw0KHcym4wckt0fjtcrgPX2NTmv1WXERyDToC~bXqfSU8tuGK6HNuwPF0RUTh8zTZzr-UH91BZT2wJS6Ps6A__', (SELECT p.id FROM product p WHERE p.name='Shoes for occasion2')),
                                                        ('Shoes with box', 'https://s3-alpha-sig.figma.com/img/7213/858a/f55e6c4ddd1c96a1807e86f07e25aa43?Expires=1713744000&Key-Pair-Id=APKAQ4GOSFWCVNEHN3O4&Signature=owll7oUEq8aWAxDlCJ2uu3khocGOISXngkIWrAxOfmJajke8GUGtMOwvLczaEtIVi~hKRYNEqFhln0ufKX974Xy2pt6k0S0eR3WNEZ2GCt5Tg3VqLWcsMl2snnBk701G9vlic7onQaAkNyOzuZQ~LTfyc0mDBuSDAa2GF~djkUdmDKJcHZcKCOsQVWOB~3rhWVqkauMgo-ZlwnCOH~PSpUR-oqnEyLA-oSBc3no1NS6vVJZaJSvPL4t5HsepZJiqf2ahgCbUT4FUs5pF-nkH9LWk4D0hrKCTRq7fmpQsvcTlc0--W9jWPgkGROyi8V~QOEMTAVopwfZtSqq9MyVbkw__', (SELECT p.id FROM product p WHERE p.name='Shoes with box')),
                                                        ('Sandals', 'https://s3-alpha-sig.figma.com/img/c3ae/2912/c02a316fc244a66871ce263f7bfb98aa?Expires=1713744000&Key-Pair-Id=APKAQ4GOSFWCVNEHN3O4&Signature=LouoNVkQWZrI05DgPQOdIVuJzv2SV1WdELRGA8z3JfA8y2RrQVBDwxUNqp6jZuvEA668qJeeeB89xMd1X58A-nJIBYYKcBpkP0VjK1JTEyumk3emWA~65hV8eSNrV6PCSISiGfWzs76gYezWp310TCZIOL9v-6Q8DVIpfTMOXEglwhgQzkfeXY4qvOLnObAoF1kl2CSjJuZfdcSe4Cr~2fUQl-kzyETuokWEC~EyRgc6v5SNVxTnY4vqZ3JeDZDqF8HsoG5qfETsIJKm6RWVpia1A942UJMdFD4QPBDow~kzZDyXorl2toJ0v0EBjOc3MCOePWOpF6dHdQ3STg209A__', (SELECT p.id FROM product p WHERE p.name='Sandals')),
                                                        ('Second black shoes', 'https://s3-alpha-sig.figma.com/img/372d/fb3b/d1fb068a42f25f33e4d035b8cd46dc87?Expires=1713744000&Key-Pair-Id=APKAQ4GOSFWCVNEHN3O4&Signature=Gnx9kRYNPFvFpyEEDQ1hzWqXzEL84ZTQWRxwx8J~Fj2rqvaH5S4yGxTiMQaVTahJhOFiYchtgnG6mjuYv4AtyJNHrDTybHUOyQ-zt01dpv5kepSndFw6RkjYuwf4DTlFdoIFt7m4rXVnMyxWEoLcP6cNfvh1LXIrvBzNfYdNXUrmhEnH28Vq6~PjeHsi-1bEtPCtUCPaXHkWwtRajYcoEMeARjEVikTSMUzVjpvgO6ODpdkBl-VGYEfnzDsY4Zb91XaRbQlN7cqhl~lWVgFL93p~bSoXEHKplt8Amuk~o5ZZYzJ9iejEBAX05dlMPNyW47AzuN2Qarfu7DJ~t8dQ5w__', (SELECT p.id FROM product p WHERE p.name='Second black shoes')),
                                                        ('Second brown man', 'https://s3-alpha-sig.figma.com/img/e390/335e/ee1daacadb7b29866beceafd04f5c1ef?Expires=1713744000&Key-Pair-Id=APKAQ4GOSFWCVNEHN3O4&Signature=MtHdNuDiTnoxZykaShLcBeAbE~8yfNQRgs8m7gzlR2iFiGSkbWt4Yp56XilpQ3do-2XxxcEy~U1D1h~sDrpebksX0OObTAXLBf3P1IdO5XkJhK2~5AkjaBaDXBeH9Bm~ls7RqxH-aPwxN5V38xvHXfbMGrKHATPcnX-wy9AFGZ--eFxlDxPNTD2IjdcK4S8LZNIFYVA~FVCo1RiTkyJoAh8O7XbG-A0pn8xfuDcvbNU3QMfdOD1Bb1Id7QZXwlp3Xmdv-7S0OpPqLNMzU8u9fRI-esKz3gMJRgZYHDercRTsAGxYlIbXHVh98fvTNKzP4cERh-AINCii-exoP75XQA__', (SELECT p.id FROM product p WHERE p.name='Second brown man')),
                                                        ('Other white casual shoes', 'https://s3-alpha-sig.figma.com/img/da55/2f91/5355f66980c4f2cb9287a5d7fa33ea1f?Expires=1713744000&Key-Pair-Id=APKAQ4GOSFWCVNEHN3O4&Signature=bwafugHQukLHczJT7eldDCzByPqxCVSXXf12ql7EULqoRITiuAli68F7V2KkzcIjQcp9U38F2mN~KHwBBr9B~MA8O2NAKxEMDANJOzdS0EM586KtfvlMyT6eqUWBDjgD5JyYapeTD75sOb7dbq94RBnAOTA3yVrPeEV2W2rbQSP1d7Ij0layj76VcH5XevWCG0c5aWJz4Qc5tvxwqs-Sda8wLmpyzUEgj1uNKLwalolx1U4VP5SDKDIyAjnrX6Rn1LFK7Vbga~vDr0lwqnn7H3YTmDf2eIenYMRTio513zLUlDY3yETswiBV~ovO0Sc5lLgXf1S85KjIK27ylBqvfQ__', (SELECT p.id FROM product p WHERE p.name='Other white casual shoes')),
                                                        ('White sport shoes2', 'https://s3-alpha-sig.figma.com/img/03f6/9682/0c7c5dcec2c556120281b996e91e9180?Expires=1713744000&Key-Pair-Id=APKAQ4GOSFWCVNEHN3O4&Signature=NFQc4jxPuhMIoLDSbLKtLu99Lz1vT7pHnSfIfm0B8c0xXcM29K06nnxzbJG58mjYhJX~hqNo-UrG~ugp2S9lCyQxxgK5qalKMkaWqdBOcJM0yTY1KgiOxNGA0TJ5Zba2HRuij6fkGwFv8fTehPsKWy8CHIEjQZbKn745C87T14Z4lzK-FSc8Z6e4gvWafIcy7CcmLnnlvBNA~xYelVM7Vl-H1wf7qSgGaaVGI2blDAqG3hP5ok1MA2vYVM2JTH1jQNi4Dfak~nhADTgSWEL91xEbt1gvMJYPYEXnp2v7DFuenYp27165BOIv73uE90H~v7-aKu3M1BcpmZtzQDXiaA__', (SELECT p.id FROM product p WHERE p.name='White sport shoes2')),
                                                        ('Shoes for occasion3', 'https://s3-alpha-sig.figma.com/img/5cb0/e618/c428c4fea76179648f8c2e3e41b721b4?Expires=1713744000&Key-Pair-Id=APKAQ4GOSFWCVNEHN3O4&Signature=CJUNWI8oTrSKu7eFnFJ50yhd9wm5bTNnjDknwGtHflNQadIvR5d02Ob4bk0r03g4a6-gpdPNkyQf4qO~69b4VOu4hi2-EsPlNX3n0a5MOIIhoDvUh7-yiXmw1ZiLvNzHvHJoepTfCNcgSZM2b0dOEXo~xOIuV~m-~AAwPHn72UUJGPSZI1ENc0BSsmD3uCZSK6~-Q6LY-s5npQdKpeP6IQ7a0eRSMUqH03-WqMbyTAby6-cUtezwdArITpZW1Kk5mHEw0KHcym4wckt0fjtcrgPX2NTmv1WXERyDToC~bXqfSU8tuGK6HNuwPF0RUTh8zTZzr-UH91BZT2wJS6Ps6A__', (SELECT p.id FROM product p WHERE p.name='Shoes for occasion3')),
                                                        ('Shoes for occasion4', 'https://s3-alpha-sig.figma.com/img/5cb0/e618/c428c4fea76179648f8c2e3e41b721b4?Expires=1713744000&Key-Pair-Id=APKAQ4GOSFWCVNEHN3O4&Signature=CJUNWI8oTrSKu7eFnFJ50yhd9wm5bTNnjDknwGtHflNQadIvR5d02Ob4bk0r03g4a6-gpdPNkyQf4qO~69b4VOu4hi2-EsPlNX3n0a5MOIIhoDvUh7-yiXmw1ZiLvNzHvHJoepTfCNcgSZM2b0dOEXo~xOIuV~m-~AAwPHn72UUJGPSZI1ENc0BSsmD3uCZSK6~-Q6LY-s5npQdKpeP6IQ7a0eRSMUqH03-WqMbyTAby6-cUtezwdArITpZW1Kk5mHEw0KHcym4wckt0fjtcrgPX2NTmv1WXERyDToC~bXqfSU8tuGK6HNuwPF0RUTh8zTZzr-UH91BZT2wJS6Ps6A__', (SELECT p.id FROM product p WHERE p.name='Shoes for occasion4')),
                                                        ('Shoes with box other', 'https://s3-alpha-sig.figma.com/img/7213/858a/f55e6c4ddd1c96a1807e86f07e25aa43?Expires=1713744000&Key-Pair-Id=APKAQ4GOSFWCVNEHN3O4&Signature=owll7oUEq8aWAxDlCJ2uu3khocGOISXngkIWrAxOfmJajke8GUGtMOwvLczaEtIVi~hKRYNEqFhln0ufKX974Xy2pt6k0S0eR3WNEZ2GCt5Tg3VqLWcsMl2snnBk701G9vlic7onQaAkNyOzuZQ~LTfyc0mDBuSDAa2GF~djkUdmDKJcHZcKCOsQVWOB~3rhWVqkauMgo-ZlwnCOH~PSpUR-oqnEyLA-oSBc3no1NS6vVJZaJSvPL4t5HsepZJiqf2ahgCbUT4FUs5pF-nkH9LWk4D0hrKCTRq7fmpQsvcTlc0--W9jWPgkGROyi8V~QOEMTAVopwfZtSqq9MyVbkw__', (SELECT p.id FROM product p WHERE p.name='Shoes with box other')),
                                                        ('Sandals other', 'https://s3-alpha-sig.figma.com/img/c3ae/2912/c02a316fc244a66871ce263f7bfb98aa?Expires=1713744000&Key-Pair-Id=APKAQ4GOSFWCVNEHN3O4&Signature=LouoNVkQWZrI05DgPQOdIVuJzv2SV1WdELRGA8z3JfA8y2RrQVBDwxUNqp6jZuvEA668qJeeeB89xMd1X58A-nJIBYYKcBpkP0VjK1JTEyumk3emWA~65hV8eSNrV6PCSISiGfWzs76gYezWp310TCZIOL9v-6Q8DVIpfTMOXEglwhgQzkfeXY4qvOLnObAoF1kl2CSjJuZfdcSe4Cr~2fUQl-kzyETuokWEC~EyRgc6v5SNVxTnY4vqZ3JeDZDqF8HsoG5qfETsIJKm6RWVpia1A942UJMdFD4QPBDow~kzZDyXorl2toJ0v0EBjOc3MCOePWOpF6dHdQ3STg209A__', (SELECT p.id FROM product p WHERE p.name='Sandals other')),
                                                        ('BIYLACLESEN Womens 3-in-1 Snowboard Jacket Winter Coats pic1', 'https://s3-alpha-sig.figma.com/img/96eb/aed7/58501140a18e85c260a4ab798e942ee6?Expires=1713744000&Key-Pair-Id=APKAQ4GOSFWCVNEHN3O4&Signature=ZOvn87PMGm9Tk7d~2ZXpOlQfJQqemyHbctg70JbTHWFosZZjkfNtdtUdSRUxnWpVyWpirJVd229apskJtDXKxGuxNHRV~TOdMNNiHQLdagFwUSFD1ch3i-h5hxn320HvjOBbWiR-eMbrdgkCBywv3vFyit2EcjII49DAtfwauI3KaTrRu-tI6mwZi3vtAAEOnDZWUexCGwUlbadxfkveTYZphuTLhms-EkBTZ2b2iSYTqoqwvrwwNWGdmI2eYmybm4z7209D8v~gdFNW8zeK2uumWGUxWH-JnpsIQVwESxPGmxpocmvbT5erK9jTPsXsvPq~-5piKyIUQXWx~4C2Jg__', (SELECT p.id FROM product p WHERE p.name='BIYLACLESEN Womens 3-in-1 Snowboard Jacket Winter Coats')),
                                                        ('BIYLACLESEN Womens 3-in-1 Snowboard Jacket Winter Coats pic2', 'https://s3-alpha-sig.figma.com/img/96eb/aed7/58501140a18e85c260a4ab798e942ee6?Expires=1713744000&Key-Pair-Id=APKAQ4GOSFWCVNEHN3O4&Signature=ZOvn87PMGm9Tk7d~2ZXpOlQfJQqemyHbctg70JbTHWFosZZjkfNtdtUdSRUxnWpVyWpirJVd229apskJtDXKxGuxNHRV~TOdMNNiHQLdagFwUSFD1ch3i-h5hxn320HvjOBbWiR-eMbrdgkCBywv3vFyit2EcjII49DAtfwauI3KaTrRu-tI6mwZi3vtAAEOnDZWUexCGwUlbadxfkveTYZphuTLhms-EkBTZ2b2iSYTqoqwvrwwNWGdmI2eYmybm4z7209D8v~gdFNW8zeK2uumWGUxWH-JnpsIQVwESxPGmxpocmvbT5erK9jTPsXsvPq~-5piKyIUQXWx~4C2Jg__', (SELECT p.id FROM product p WHERE p.name='BIYLACLESEN Womens 3-in-1 Snowboard Jacket Winter Coats')),
                                                        ('BIYLACLESEN Womens 3-in-1 Snowboard Jacket Winter Coats pic3', 'https://s3-alpha-sig.figma.com/img/96eb/aed7/58501140a18e85c260a4ab798e942ee6?Expires=1713744000&Key-Pair-Id=APKAQ4GOSFWCVNEHN3O4&Signature=ZOvn87PMGm9Tk7d~2ZXpOlQfJQqemyHbctg70JbTHWFosZZjkfNtdtUdSRUxnWpVyWpirJVd229apskJtDXKxGuxNHRV~TOdMNNiHQLdagFwUSFD1ch3i-h5hxn320HvjOBbWiR-eMbrdgkCBywv3vFyit2EcjII49DAtfwauI3KaTrRu-tI6mwZi3vtAAEOnDZWUexCGwUlbadxfkveTYZphuTLhms-EkBTZ2b2iSYTqoqwvrwwNWGdmI2eYmybm4z7209D8v~gdFNW8zeK2uumWGUxWH-JnpsIQVwESxPGmxpocmvbT5erK9jTPsXsvPq~-5piKyIUQXWx~4C2Jg__', (SELECT p.id FROM product p WHERE p.name='BIYLACLESEN Womens 3-in-1 Snowboard Jacket Winter Coats')),
                                                        ('BIYLACLESEN Womens 3-in-1 Snowboard Jacket Winter Coats pic4', 'https://s3-alpha-sig.figma.com/img/96eb/aed7/58501140a18e85c260a4ab798e942ee6?Expires=1713744000&Key-Pair-Id=APKAQ4GOSFWCVNEHN3O4&Signature=ZOvn87PMGm9Tk7d~2ZXpOlQfJQqemyHbctg70JbTHWFosZZjkfNtdtUdSRUxnWpVyWpirJVd229apskJtDXKxGuxNHRV~TOdMNNiHQLdagFwUSFD1ch3i-h5hxn320HvjOBbWiR-eMbrdgkCBywv3vFyit2EcjII49DAtfwauI3KaTrRu-tI6mwZi3vtAAEOnDZWUexCGwUlbadxfkveTYZphuTLhms-EkBTZ2b2iSYTqoqwvrwwNWGdmI2eYmybm4z7209D8v~gdFNW8zeK2uumWGUxWH-JnpsIQVwESxPGmxpocmvbT5erK9jTPsXsvPq~-5piKyIUQXWx~4C2Jg__', (SELECT p.id FROM product p WHERE p.name='BIYLACLESEN Womens 3-in-1 Snowboard Jacket Winter Coats')),
                                                        ('BIYLACLESEN Womens 3-in-1 Snowboard Jacket Winter Coats pic5', 'https://s3-alpha-sig.figma.com/img/96eb/aed7/58501140a18e85c260a4ab798e942ee6?Expires=1713744000&Key-Pair-Id=APKAQ4GOSFWCVNEHN3O4&Signature=ZOvn87PMGm9Tk7d~2ZXpOlQfJQqemyHbctg70JbTHWFosZZjkfNtdtUdSRUxnWpVyWpirJVd229apskJtDXKxGuxNHRV~TOdMNNiHQLdagFwUSFD1ch3i-h5hxn320HvjOBbWiR-eMbrdgkCBywv3vFyit2EcjII49DAtfwauI3KaTrRu-tI6mwZi3vtAAEOnDZWUexCGwUlbadxfkveTYZphuTLhms-EkBTZ2b2iSYTqoqwvrwwNWGdmI2eYmybm4z7209D8v~gdFNW8zeK2uumWGUxWH-JnpsIQVwESxPGmxpocmvbT5erK9jTPsXsvPq~-5piKyIUQXWx~4C2Jg__', (SELECT p.id FROM product p WHERE p.name='BIYLACLESEN Womens 3-in-1 Snowboard Jacket Winter Coats')),
                                                        ('BIYLACLESEN Womens 3-in-1 Snowboard Jacket Winter Coats pic6', 'https://s3-alpha-sig.figma.com/img/c3ae/2912/c02a316fc244a66871ce263f7bfb98aa?Expires=1713744000&Key-Pair-Id=APKAQ4GOSFWCVNEHN3O4&Signature=LouoNVkQWZrI05DgPQOdIVuJzv2SV1WdELRGA8z3JfA8y2RrQVBDwxUNqp6jZuvEA668qJeeeB89xMd1X58A-nJIBYYKcBpkP0VjK1JTEyumk3emWA~65hV8eSNrV6PCSISiGfWzs76gYezWp310TCZIOL9v-6Q8DVIpfTMOXEglwhgQzkfeXY4qvOLnObAoF1kl2CSjJuZfdcSe4Cr~2fUQl-kzyETuokWEC~EyRgc6v5SNVxTnY4vqZ3JeDZDqF8HsoG5qfETsIJKm6RWVpia1A942UJMdFD4QPBDow~kzZDyXorl2toJ0v0EBjOc3MCOePWOpF6dHdQ3STg209A__', (SELECT p.id FROM product p WHERE p.name='BIYLACLESEN Womens 3-in-1 Snowboard Jacket Winter Coats'));
